<?xml version="1.0" encoding="UTF-8" standalone="yes"?>
<addon id="plugin.program.Marmalade" name="Marmalade Build" version="0.1.7" provider-name="Mozzy616">
  <requires>
    <import addon="xbmc.python" version="2.1.0"/>
  </requires>
  <extension point="xbmc.python.pluginsource" library="default.py">
    <provides>executable</provides>
  </extension>
  <extension point="xbmc.service" library="startup.py" start="startup" />
  <extension point="xbmc.addon.metadata">
    <summary lang="en">Marmalade Build</summary>
    <description lang="en">Marmalade Wizard allows you to get access to the latest Mozzy616 Custom Builds.</description>
    <platform>all</platform>
  </extension>
</addon>